<?xml version="1.0" encoding="UTF-8"?>
<addon
	id="plugin.video.RomyM3U" version="3.0" name="Romy IPTV" provider-name="RomyCupidon">
  <requires>    		
    	<!--<import addon="script.module.resolveurl" /> -->   	
        <import addon="script.module.requests"/>	
	
  </requires>
	<extension point="xbmc.python.pluginsource" library="default.py">
		<provides>video</provides>
	</extension>
	
	<extension point="xbmc.addon.metadata">
        <platform>all</platform>
		<summary lang="en">Romy IPTV</summary>
		<description lang="es">This addon provides IPTV for personal and private use only</description>
		<website>https://github.com/</website>
		<license>GPL 3.0</license>
		<platform>all</platform>
		<disclaimer lang="en">The author of this addon makes not responsible for the use of it</disclaimer>
	<assets>
        <icon>icon.jpg</icon>  
        <fanart>fanart.png</fanart>
    </assets>        
		<language>en</language>
	</extension>	
	
</addon>
